ZJH-018	10	一方面更明顯一點	66	106	ZJH-018-p10.png
ZJH-018	13	民族及世界的需要	67	107	ZJH-018-p13.png
ZJH-023	1	亦將該所設於昆明	77	117	ZJH-023-p1.png
ZJH-023	2	運至新址照常使用	77	117	ZJH-023-p2.png
ZJH-023	5	一物理研究所	78	118	ZJH-023-p5.png
ZJH-023	7	二化學研究所	79	119	ZJH-023-p7.png
ZJH-023	9	三工程研究所	79	119	ZJH-023-p9.png
ZJH-023	11	論集四地質研究所	80	120	ZJH-023-p11.png
ZJH-023	13	五天文研究所	80	120	ZJH-023-p13.png
ZJH-023	15	六氣象研究所	80	120	ZJH-023-p15.png
ZJH-023	16	究論文共五十餘篇	81	121	ZJH-023-p16.png
ZJH-023	17	七歷史語言研究所	81	121	ZJH-023-p17.png
ZJH-023	20	九社會科學研究所	82	122	ZJH-023-p20.png
ZJH-023	22	十動植物研究所	82	122	ZJH-023-p22.png
ZJH-024	0	中英科學合作辦法	84	124	ZJH-024-p0.png
ZJH-024	1	增光爲人類謀福利	85	125	ZJH-024-p1.png
ZJH-028	14	形勢幾何學的研究	93	133	ZJH-028-p14.png
ZJH-029	3	一院士和研究體制	96	136	ZJH-029-p3.png
ZJH-029	5	二院士的選舉	96	136	ZJH-029-p5.png
ZJH-029	8	三院士會議的任務	97	137	ZJH-029-p8.png
ZJH-029	14	四我們的希望	98	138	ZJH-029-p14.png
ZJH-032	0	三十週年紀念致詞	104	144	ZJH-032-p0.png
ZJH-032	7	其中一箱已損壞了	106	146	ZJH-032-p7.png
ZJH-032	54	細縷陳簽呈總統奉	117	157	ZJH-032-p54.png
ZJH-035	5	育與改進小學教育	133	172	ZJH-035-p5.png
ZJH-035	7	三整理中學教育	134	173	ZJH-035-p7.png
ZJH-035	8	澈四注重師範教育	135	174	ZJH-035-p8.png
ZJH-035	12	五注重職業教育	137	176	ZJH-035-p12.png
ZJH-035	14	學生有充分之實習	138	177	ZJH-035-p14.png
ZJH-035	15	七整理大學教育	138	177	ZJH-035-p15.png
ZJH-035	21	育與注重華僑教育	140	179	ZJH-035-p21.png
ZJH-035	26	年及成年補習教育	141	180	ZJH-035-p26.png
ZJH-035	28	厲行國民體育	142	181	ZJH-035-p28.png
ZJH-035	30	行電影及播音教育	143	182	ZJH-035-p30.png
ZJH-035	32	並充實各地圖書館	143	182	ZJH-035-p32.png
ZJH-035	34	三籌設中央敎育館	144	183	ZJH-035-p34.png
ZJH-035	36	十四改良課程	144	183	ZJH-035-p36.png
ZJH-035	37	小學課程整理盡善	145	184	ZJH-035-p37.png
ZJH-035	42	於系別之偏狹諸弊	148	187	ZJH-035-p42.png
ZJH-035	44	十五充實設備	148	187	ZJH-035-p44.png
ZJH-035	48	十六注重訓育	150	189	ZJH-035-p48.png
ZJH-035	50	十七厲行考試	151	190	ZJH-035-p50.png
ZJH-035	52	十八結	152	191	ZJH-035-p52.png
ZJH-036	3	之消極工作多多矣	154	193	ZJH-036-p3.png
ZJH-036	6	科書及教授書全套	155	194	ZJH-036-p6.png
ZJH-036	7	參考書及掛圖全套	155	194	ZJH-036-p7.png
ZJH-036	16	第二期四萬一千元	156	195	ZJH-036-p16.png
ZJH-036	21	期三萬八千六百元	156	195	ZJH-036-p21.png
ZJH-038	2	之殊易而發達滋長	160	199	ZJH-038-p2.png
ZJH-038	4	重書本教學之積習	161	200	ZJH-038-p4.png
ZJH-039	3	費俱不經濟此其一	165	204	ZJH-039-p3.png
ZJH-039	14	育系因體育師資目	169	208	ZJH-039-p14.png
ZJH-041	0	七第八週年廣播詞	172	211	ZJH-041-p0.png
ZJH-042	1	終有一日會抬頭的	175	214	ZJH-042-p1.png
ZJH-043	8	學生三三八四七人	178	217	ZJH-043-p8.png
ZJH-043	13	第一	179	218	ZJH-043-p13.png
ZJH-044	3	新設備達到最高標	183	222	ZJH-044-p3.png
ZJH-044	4	一貫政策正逐步求	183	222	ZJH-044-p4.png
ZJH-047	12	方高等教育之維持	190	229	ZJH-047-p12.png
ZJH-047	15	移之專科以上學校	191	230	ZJH-047-p15.png
ZJH-047	16	二十七校十四校	191	230	ZJH-047-p16.png
ZJH-047	17	復之專科以上學校	191	230	ZJH-047-p17.png
ZJH-047	18	八校	191	230	ZJH-047-p18.png
ZJH-047	19	地之專科以上學校	191	230	ZJH-047-p19.png
ZJH-047	20	十七校	191	230	ZJH-047-p20.png
ZJH-047	21	設之專科以上學校	191	230	ZJH-047-p21.png
ZJH-047	23	省與對各省之補助	191	230	ZJH-047-p23.png
ZJH-047	30	文物之接收與清理	193	232	ZJH-047-p30.png
ZJH-047	33	交通之籌劃與協助	193	232	ZJH-047-p33.png
ZJH-047	40	設備之修復與補充	195	234	ZJH-047-p40.png
ZJH-047	41	之損失遂不可數計	195	234	ZJH-047-p41.png
ZJH-047	46	上學校員生之甄審	197	236	ZJH-047-p46.png
ZJH-047	51	青年之輔導與救濟	198	237	ZJH-047-p51.png
ZJH-047	54	育復員工作之感想	199	238	ZJH-047-p54.png
ZJH-053	9	家都想進入大學了	216	255	ZJH-053-p9.png
ZJH-055	4	的困難也大多類此	223	262	ZJH-055-p4.png
ZJH-055	34	爲至可焦慮之問題	232	271	ZJH-055-p34.png
ZJH-056	0	萬分而問題亦重重	233	272	ZJH-056-p0.png
ZJH-056	1	一學生就學問題	233	272	ZJH-056-p1.png
ZJH-056	3	朱家二師資問題	234	273	ZJH-056-p3.png
ZJH-056	7	三留學問題	235	274	ZJH-056-p7.png
ZJH-056	9	費與學校設備問題	235	274	ZJH-056-p9.png
ZJH-057	0	復員與善後的過程	236	275	ZJH-057-p0.png
ZJH-057	2	照預定計劃遷移復	237	276	ZJH-057-p2.png
ZJH-057	3	當可做到正常化了	237	276	ZJH-057-p3.png
ZJH-057	6	目前教育重要設施	238	277	ZJH-057-p6.png
ZJH-057	8	分佈已乘復員的時	238	277	ZJH-057-p8.png
ZJH-057	11	三安定和充實設備	239	278	ZJH-057-p11.png
ZJH-058	3	二基本教育的重視	241	280	ZJH-058-p3.png
ZJH-058	5	三邊疆教育的重視	242	281	ZJH-058-p5.png
ZJH-058	7	四教育經費的籌措	242	281	ZJH-058-p7.png
ZJH-059	12	預算也是急迫的事	249	288	ZJH-059-p12.png
ZJH-059	13	一國立中山大學	249	288	ZJH-059-p13.png
ZJH-060	20	運動是很表同情的	253	292	ZJH-060-p20.png
ZJH-060	43	史實完全不注意到	257	296	ZJH-060-p43.png
ZJH-062	1	危險眞是焦急萬分	264	303	ZJH-062-p1.png
ZJH-062	13	是有很大的希望的	266	305	ZJH-062-p13.png
ZJH-063	0	討桂戰事等等重大	268	307	ZJH-063-p0.png
ZJH-063	1	事專回大學只算是	269	308	ZJH-063-p1.png
ZJH-064	0	在廣州中山大學	269	308	ZJH-064-p0.png
ZJH-064	9	精神翻過來辦附校	275	314	ZJH-064-p9.png
ZJH-066	9	沒有道理治學不是	280	319	ZJH-066-p9.png
ZJH-069	0	校友會編印特刋作	287	326	ZJH-069-p0.png
ZJH-069	6	二國立中央大學	288	327	ZJH-069-p6.png
ZJH-070	1	訓無待兄弟之多說	289	328	ZJH-070-p1.png
ZJH-071	12	二國立同濟大學	296	335	ZJH-071-p12.png
ZJH-072	0	學三十五週年校慶	296	335	ZJH-072-p0.png
ZJH-072	4	席勒	297	336	ZJH-072-p4.png
ZJH-072	8	三十一年五月十日	298	337	ZJH-072-p8.png
ZJH-073	0	它歷年發展的大概	299	338	ZJH-073-p0.png
ZJH-073	1	不到一百多張病床	299	338	ZJH-073-p1.png
ZJH-073	2	任解剖學和生理學	299	338	ZJH-073-p2.png
ZJH-074	0	律教育委員會致詞	304	343	ZJH-074-p0.png
ZJH-074	7	國家社會用其所學	306	345	ZJH-074-p7.png
ZJH-076	7	現請各位多多研討	315	354	ZJH-076-p7.png
ZJH-077	0	在教育部會議室講	316	355	ZJH-077-p0.png
ZJH-078	3	是值得檢討的問題	322	361	ZJH-078-p3.png
ZJH-079	6	前最重要最急迫的	330	369	ZJH-079-p6.png
ZJH-080	4	造社會風氣的責任	332	371	ZJH-080-p4.png
ZJH-082	12	成我們所負的使命	345	384	ZJH-082-p12.png
ZJH-083	0	作一些簡單的敘述	346	385	ZJH-083-p0.png
ZJH-083	1	者來敍述他在教育	346	385	ZJH-083-p1.png
ZJH-083	9	年修養與國家民族	350	389	ZJH-083-p9.png
ZJH-084	0	成復興民族的大業	351	389	ZJH-084-p0.png
ZJH-085	0	立四週年紀念而作	354	392	ZJH-085-p0.png
ZJH-085	2	識也是十分的必要	354	392	ZJH-085-p2.png
ZJH-085	9	年運動不同的一點	358	396	ZJH-085-p9.png
ZJH-086	2	年運動不同的一點	360	398	ZJH-086-p2.png
ZJH-087	4	之處却祗有努力看	363	401	ZJH-087-p4.png
ZJH-087	7	候很多的人已經視	366	404	ZJH-087-p7.png
ZJH-094	4	一是提高民族道	382	420	ZJH-094-p4.png
ZJH-095	7	中英庚款基金董事	385	423	ZJH-095-p7.png
ZJH-096	0	月二十九日於南京	385	423	ZJH-096-p0.png
ZJH-098	0	之有經緯線自此始	388	426	ZJH-098-p0.png
ZJH-098	6	以抗戰軍興又復中	389	427	ZJH-098-p6.png
ZJH-099	8	諸生的健康朱家驊	393	431	ZJH-099-p8.png
ZJH-100	4	術界中得佔一席位	394	432	ZJH-100-p4.png
ZJH-100	6	成立置所址於北碚	394	432	ZJH-100-p6.png
ZJH-101	0	地理之考察與研究	395	433	ZJH-101-p0.png
ZJH-101	2	方法之改進與研究	395	433	ZJH-101-p2.png
ZJH-101	6	價值國防地理問題	396	434	ZJH-101-p6.png
ZJH-102	0	研究與業務之聯繫	397	435	ZJH-102-p0.png
ZJH-102	3	研究與教育之聯繫	397	435	ZJH-102-p3.png
ZJH-102	6	教育與業務之聯繫	398	436	ZJH-102-p6.png
ZJH-102	10	目前即可進行事項	398	436	ZJH-102-p10.png
ZJH-103	7	於生產建設事業者	401	439	ZJH-103-p7.png
ZJH-103	11	電廠也曾有過投資	402	440	ZJH-103-p11.png
ZJH-103	14	於教育文化事業者	403	441	ZJH-103-p14.png
ZJH-103	17	院所也都得到過補	403	441	ZJH-103-p17.png
ZJH-104	6	二郵政	409	447	ZJH-104-p6.png
ZJH-105	0	政部份一郵電合設	414	452	ZJH-105-p0.png
ZJH-105	1	利二開放中英電路	414	452	ZJH-105-p1.png
ZJH-105	2	播電臺及國際電臺	414	452	ZJH-105-p2.png
ZJH-105	3	處四開放交際電報	414	452	ZJH-105-p3.png
ZJH-105	4	籌辦九省長途電話	415	453	ZJH-105-p4.png
ZJH-105	5	理滬粵漢無線電話	415	453	ZJH-105-p5.png
ZJH-105	6	都南分局自動電話	415	453	ZJH-105-p6.png
ZJH-105	8	政部份甲水運方面	415	453	ZJH-105-p8.png
ZJH-105	9	招商局收歸國營案	415	453	ZJH-105-p9.png
ZJH-105	11	艘發展沿海航線案	416	454	ZJH-105-p11.png
ZJH-105	13	三召開航政會議	416	454	ZJH-105-p13.png
ZJH-105	15	中學暨添置儀器案	416	454	ZJH-105-p15.png
ZJH-105	16	精良儀器以備應用	417	455	ZJH-105-p16.png
ZJH-105	17	船籍港名稱及疆界	417	455	ZJH-105-p17.png
ZJH-105	19	海上人命安全公約	417	455	ZJH-105-p19.png
ZJH-105	21	七實施船員檢定	417	455	ZJH-105-p21.png
ZJH-105	23	公布各種航政法規	417	455	ZJH-105-p23.png
ZJH-105	24	大備矣乙空運方面	418	456	ZJH-105-p24.png
ZJH-105	25	空公司之成立經過	418	456	ZJH-105-p25.png
ZJH-105	27	國內航空線之概況	419	457	ZJH-105-p27.png
ZJH-105	29	長經營公里之公司	419	457	ZJH-105-p29.png
ZJH-105	30	線段	419	457	ZJH-105-p30.png
ZJH-105	31	縣至重慶其間長一	419	457	ZJH-105-p31.png
ZJH-105	32	日年	419	457	ZJH-105-p32.png
ZJH-105	33	滬蜀線二十二年	419	457	ZJH-105-p33.png
ZJH-105	34	月十月十	419	457	ZJH-105-p34.png
ZJH-105	35	由重慶展至成都	419	457	ZJH-105-p35.png
ZJH-105	36	九一公里未計在內	419	457	ZJH-105-p36.png
ZJH-105	37	之渝蓉段六月	419	457	ZJH-105-p37.png
ZJH-105	38	改用新式道格拉斯	419	457	ZJH-105-p38.png
ZJH-105	39	州青島天津至北平	419	457	ZJH-105-p39.png
ZJH-105	40	日年月日年日年	419	457	ZJH-105-p40.png
ZJH-105	41	三七同同右	419	457	ZJH-105-p41.png
ZJH-105	42	航州	419	457	ZJH-105-p42.png
ZJH-105	43	復杭	419	457	ZJH-105-p43.png
ZJH-105	44	至十一月十日復航	419	457	ZJH-105-p44.png
ZJH-105	45	事三	419	457	ZJH-105-p45.png
ZJH-105	46	失十	419	457	ZJH-105-p46.png
ZJH-105	47	州厦門汕頭至廣州	419	457	ZJH-105-p47.png
ZJH-105	48	七五五同右	419	457	ZJH-105-p48.png
ZJH-105	49	重慶經貴陽至昆明	419	457	ZJH-105-p49.png
ZJH-105	51	有鄭九縮年	420	458	ZJH-105-p51.png
ZJH-105	52	該站十段二	420	458	ZJH-105-p52.png
ZJH-105	53	僅移年航二	420	458	ZJH-105-p53.png
ZJH-105	54	一州月短十	420	458	ZJH-105-p54.png
ZJH-105	55	公里實際七八公里	420	458	ZJH-105-p55.png
ZJH-105	56	七又爲航月	420	458	ZJH-105-p56.png
ZJH-105	57	歐亞航	420	458	ZJH-105-p57.png
ZJH-105	58	段停航	420	458	ZJH-105-p58.png
ZJH-105	59	經南京洛陽西安蘭	420	458	ZJH-105-p59.png
ZJH-105	60	四月州肅州哈密至	420	458	ZJH-105-p60.png
ZJH-105	61	空公司	420	458	ZJH-105-p61.png
ZJH-105	62	日年	420	458	ZJH-105-p62.png
ZJH-105	63	月十	420	458	ZJH-105-p63.png
ZJH-105	64	陽漢口長沙至廣州	420	458	ZJH-105-p64.png
ZJH-105	65	平粵	420	458	ZJH-105-p65.png
ZJH-105	66	二三同右	420	458	ZJH-105-p66.png
ZJH-105	67	三八公里計八公里	420	458	ZJH-105-p67.png
ZJH-105	68	每年	420	458	ZJH-105-p68.png
ZJH-105	69	蘭寧線	420	458	ZJH-105-p69.png
ZJH-105	70	自蘭州直達寧夏	420	458	ZJH-105-p70.png
ZJH-105	71	三八同右	420	458	ZJH-105-p71.png
ZJH-105	72	六月中	420	458	ZJH-105-p72.png
ZJH-105	73	西安經漢中至成都	420	458	ZJH-105-p73.png
ZJH-105	74	六二同	420	458	ZJH-105-p74.png
ZJH-105	75	日年日年	420	458	ZJH-105-p75.png
ZJH-105	76	西南航	420	458	ZJH-105-p76.png
ZJH-105	77	經梧州南寧至龍州	420	458	ZJH-105-p77.png
ZJH-105	78	空公司	420	458	ZJH-105-p78.png
ZJH-105	79	北海至南寧段迄未	420	458	ZJH-105-p79.png
ZJH-105	80	廣瓊南線肝	420	458	ZJH-105-p80.png
ZJH-105	81	廣州經海棻至瓊州	420	458	ZJH-105-p81.png
ZJH-105	82	陸交通機關之聯運	420	458	ZJH-105-p82.png
ZJH-105	85	空郵件資費之調整	421	459	ZJH-105-p85.png
ZJH-108	1	一澄清吏治	429	467	ZJH-108-p1.png
ZJH-108	3	二實行新生活	430	468	ZJH-108-p3.png
ZJH-109	7	反動份子的侵蝕本	436	473	ZJH-109-p7.png
ZJH-112	4	大家努力的又一事	446	483	ZJH-112-p4.png
ZJH-113	4	界之崇高使命罷了	448	485	ZJH-113-p4.png
ZJH-115	1	期望者有下列四點	454	491	ZJH-115-p1.png
ZJH-116	14	益他們說這一類的	462	499	ZJH-116-p14.png
ZJH-116	16	形簡單的報告各位	462	499	ZJH-116-p16.png
ZJH-123	0	爲中國月刊社作	476	513	ZJH-123-p0.png
ZJH-123	10	是他們所意料不到	479	516	ZJH-123-p10.png
ZJH-127	1	轉瞬又是一個月了	487	524	ZJH-127-p1.png
ZJH-128	5	日雖頑強不難打倒	492	530	ZJH-128-p5.png
ZJH-130	1	的歐洲逐迄無寧日	497	534	ZJH-130-p1.png
ZJH-131	1	在轉瞬間重罹戰禍	503	540	ZJH-131-p1.png
ZJH-131	9	日而迄於八月十八	506	543	ZJH-131-p9.png
ZJH-131	13	能變陣地戰爲運動	508	545	ZJH-131-p13.png
ZJH-131	18	力於重建恆久的和	510	547	ZJH-131-p18.png
ZJH-134	5	的話必是多面作戰	518	555	ZJH-134-p5.png
ZJH-134	6	路亦爲其理想之一	519	556	ZJH-134-p6.png
ZJH-134	13	時一戰決雌雄於今	522	559	ZJH-134-p13.png
ZJH-135	3	他南進的牽制力量	524	561	ZJH-135-p3.png
ZJH-135	5	不能收之於桑榆的	525	562	ZJH-135-p5.png
ZJH-135	12	補充是最理想的了	528	565	ZJH-135-p12.png
ZJH-136	0	轉捩的一個大關鍵	528	565	ZJH-136-p0.png
ZJH-139	13	時纔有成功的可能	545	582	ZJH-139-p13.png
ZJH-140	1	庸國的國土本年五	549	586	ZJH-140-p1.png
ZJH-143	0	界和平重建之基礎	560	597	ZJH-143-p0.png
ZJH-144	0	天是改組後第二次	560	597	ZJH-144-p0.png
ZJH-144	7	許早就不能避免了	562	599	ZJH-144-p7.png
ZJH-146	3	不足也是很難怪的	566	603	ZJH-146-p3.png
ZJH-146	10	辯而圖自圓其說了	568	605	ZJH-146-p10.png
ZJH-152	0	累月所研究的對象	584	621	ZJH-152-p0.png
ZJH-154	11	人不是一件容易的	593	630	ZJH-154-p11.png
ZJH-155	5	遇這是非常明顯的	597	634	ZJH-155-p5.png
ZJH-157	4	一切努力都是白費	617	654	ZJH-157-p4.png
ZJH-158	5	城等處去却可聽到	622	659	ZJH-158-p5.png
ZJH-158	7	共有的名稱準噶爾	623	660	ZJH-158-p7.png
ZJH-159	8	享獨立自由的幸福	629	666	ZJH-159-p8.png
ZJH-160	0	評論二卷四十三期	637	673	ZJH-160-p0.png
ZJH-160	25	把充滿悲愁的夜裏	639	675	ZJH-160-p25.png
ZJH-162	2	直接代表人民的議	645	681	ZJH-162-p2.png
ZJH-163	11	從軍中流傳出來的	652	688	ZJH-163-p11.png
ZJH-164	0	家和平統一的發展	653	689	ZJH-164-p0.png
ZJH-165	7	繁榮必數倍於今日	656	692	ZJH-165-p7.png
ZJH-173	0	向又使我不勝驚異	668	704	ZJH-173-p0.png
ZJH-174	4	血統之人數據鄙人	676	712	ZJH-174-p4.png
ZJH-174	6	維吾爾哈薩克	676	712	ZJH-174-p6.png
ZJH-174	9	烏孜別克	676	712	ZJH-174-p9.png
ZJH-174	11	吉爾吉斯	676	712	ZJH-174-p11.png
ZJH-174	12	塔蘭其塔塔爾	676	712	ZJH-174-p12.png
ZJH-174	14	塔吉克	676	712	ZJH-174-p14.png
ZJH-174	15	蒙古	676	712	ZJH-174-p15.png
ZJH-174	16	錫伯	676	712	ZJH-174-p16.png
ZJH-174	17	索倫	676	712	ZJH-174-p17.png
ZJH-174	19	歸化白俄	677	713	ZJH-174-p19.png
ZJH-175	20	維族人認爲漢人是	691	727	ZJH-175-p20.png
ZJH-175	28	埃共和國吉爾吉斯	694	730	ZJH-175-p28.png
ZJH-186	0	功於這位戴先生了	718	753	ZJH-186-p0.png
ZJH-189	1	略述二三以誌永懷	724	758	ZJH-189-p1.png
ZJH-191	2	族和對文學的貢獻	727	761	ZJH-191-p2.png
ZJH-191	8	而完成他的壯志的	728	762	ZJH-191-p8.png
ZJH-192	5	人才應當盡力愛護	731	765	ZJH-192-p5.png
ZJH-192	6	是難期事半功倍的	732	766	ZJH-192-p6.png
ZJH-194	1	本在顛沛奔波之中	733	767	ZJH-194-p1.png
ZJH-194	8	當時所意料不到的	735	769	ZJH-194-p8.png
ZJH-194	11	惡劣也是主因之一	736	770	ZJH-194-p11.png
ZJH-195	7	率領健兒馳縹海外	741	775	ZJH-195-p7.png
ZJH-197	3	能改從新路將來發	745	779	ZJH-197-p3.png
ZJH-198	0	任內的功績將出一	745	779	ZJH-198-p0.png
