idx	pieceId	part	pdfPage	kind	ratio	x	y	before	after	context
24	ZJH-002;ZJH-FM-001;ZJH-FM-002	壹、文化學術	42	欄首起排	2.55	1744	468		復	復庚款生陳永齡述
25	ZJH-002;ZJH-FM-001;ZJH-FM-002	壹、文化學術	42	欄末止排	2.89	1744	2726	日	二	二十三日｜二十七年
26	ZJH-002;ZJH-FM-001;ZJH-FM-002	壹、文化學術	42	欄末止排	1.03	1592	2886	忽	四	量,倏忽｜四載,在
27	ZJH-002;ZJH-FM-001;ZJH-FM-002	壹、文化學術	42	欄內間距	1.98	803	1085	,	有	之缺乏,有如足下
28	ZJH-002;ZJH-FM-001;ZJH-FM-002	壹、文化學術	42	欄末止排	1.06	449	2897	事	欲	得已之事｜欲求將來
29	ZJH-002;ZJH-FM-001;ZJH-FM-002	壹、文化學術	42	欄內間距	1.98	363	1164	待	諸	展,正待諸君回國
30	ZJH-002;ZJH-FM-001;ZJH-FM-002	壹、文化學術	42	欄內間距	1.98	365	2318	專	與	添設此專與國人之
31	ZJH-002;ZJH-003;ZJH-FM-001;ZJH-FM-002	壹、文化學術	43	欄內間距	1.96	1878	1545	。	此	同意耳。此布復,
32	ZJH-002;ZJH-003;ZJH-FM-001;ZJH-FM-002	壹、文化學術	43	欄首起排	2.49	1605	474		復	復同濟大學校長趙
33	ZJH-002;ZJH-003;ZJH-FM-001;ZJH-FM-002	壹、文化學術	43	欄末止排	1.36	1605	2841	日	二	月十三日｜二十八年
34	ZJH-002;ZJH-003;ZJH-FM-001;ZJH-FM-002	壹、文化學術	43	欄末止排	0.98	716	2894	專	,	學添設專｜,不意弟
35	ZJH-002;ZJH-003;ZJH-FM-001;ZJH-FM-002	壹、文化學術	43	欄末止排	0.91	629	2898	學	無	因各大學｜無此系,
58	ZJH-011	壹、文化學術	64	欄內間距	2.01	1849	1091	家	在	天文學家在他的萬
59	ZJH-011	壹、文化學術	64	欄內間距	1.95	882	1050	家	一	大光學家一六六九
60	ZJH-011	壹、文化學術	64	欄內間距	2.38	907	2747	)	謂	rie)謂
61	ZJH-011	壹、文化學術	64	欄內間距	1.73	639	2437	)	的	ank)的量子論
62	ZJH-011	壹、文化學術	64	欄末止排	0.96	615	2842	現	一	子論出現｜一九○○
64	ZJH-012	壹、文化學術	66	欄內間距	1.53	1661	439	n	T	ononTwen
65	ZJH-012	壹、文化學術	66	欄內間距	1.69	1665	1161	)	一	nts)一文,得
66	ZJH-012	壹、文化學術	66	欄內間距	1.51	1666	1226	一	文	ts)一文,得到
67	ZJH-012	壹、文化學術	66	欄內間距	1.51	1670	1885	評	,	士的好評,而Bo
68	ZJH-012	壹、文化學術	66	欄內間距	1.64	1672	2209	l	氏	well氏所寫地
69	ZJH-012	壹、文化學術	66	欄內間距	4.61	783	2891	煤	1	如開發煤1
73	ZJH-012	壹、文化學術	68	欄內間距	1.97	1775	2198	:	我	加擴充:我國省界
74	ZJH-012	壹、文化學術	68	欄末止排	1.09	1501	2850	要	在	因此需要｜在測圖時
75	ZJH-012	壹、文化學術	68	欄內間距	1.97	1329	1274	:	我	加培育:我國地質
76	ZJH-012	壹、文化學術	68	欄內間距	1.97	716	1456	:	在	其進步:在過去我
77	ZJH-012	壹、文化學術	68	欄內間距	2.03	454	1862	:	現	立學系:現在各大
177	ZJH-035	叁、教育言論	186	欄末止排	0.97	1739	2913	果	如	教學結果｜如尙妥善
178	ZJH-035	叁、教育言論	186	欄內間距	1.97	1471	885	程	今	大學課程今日大學
179	ZJH-035	叁、教育言論	186	欄首起排	2.49	1471	373		(	(三)大學課程今
180	ZJH-035	叁、教育言論	186	欄內間距	2	1383	600	體	與	程本身體與客觀條
181	ZJH-035	叁、教育言論	186	欄末止排	2.97	1383	2798	科	由	究之學科｜由基本而
182	ZJH-035	叁、教育言論	186	欄內間距	1.99	854	1351	程	可	也。課程可輕設,
183	ZJH-035	叁、教育言論	186	欄內間距	2.6	413	1178	題	乃	專門問題乃爲學習
354	ZJH-081	叁、教育言論	373	欄內間距	1.99	1799	423	、	景	美、景崧諸先
355	ZJH-081	叁、教育言論	373	欄內間距	1.97	1614	1451	使	公	身心,使公立大志
356	ZJH-081	叁、教育言論	373	欄內間距	2.06	1614	1562	公	立	心,使公立大志,
357	ZJH-081	叁、教育言論	373	欄內間距	1.97	1533	713	,	公	是觀之,公自幼卽
358	ZJH-081	叁、教育言論	373	欄內間距	2.6	1525	2383	本	又	留學日本又受嚴格
359	ZJH-081	叁、教育言論	373	欄末止排	0.99	1533	2872	事	練	格之軍事｜練,更養
360	ZJH-081	叁、教育言論	373	欄內間距	3.12	650	1184	立	蔣	正式建立蔣主席少
361	ZJH-081	叁、教育言論	373	欄內間距	2.03	552	2796	與	公	期教育與公
362	ZJH-081	叁、教育言論	373	欄內間距	1.95	297	606	故	公	策論。故公年十六
366	ZJH-081	叁、教育言論	375	欄內間距	1.94	1534	616	隨	孫	公追隨孫總理從
367	ZJH-081	叁、教育言論	375	欄內間距	1.93	1437	1467	。	公	大且鉅。公對於教
368	ZJH-081	叁、教育言論	375	欄首起排	0.97	1182	329		並	並不在乎爭軍備之
369	ZJH-081	叁、教育言論	375	欄內間距	3.22	823	1477	育	…	改進教育…」。(
370	ZJH-081	叁、教育言論	375	欄內間距	1.91	294	419	。	公	命。公自幼卽
371	ZJH-081	叁、教育言論	375	欄內間距	1.93	284	1765	從	孫	響。壯從孫總理遊
372	ZJH-081	叁、教育言論	376	欄內間距	3.05	1375	840	。	我	要失敗。我很希望
373	ZJH-081	叁、教育言論	376	欄內間距	1.97	1114	2227	。	公	若揭矣。公於王陽
374	ZJH-081	叁、教育言論	376	欄末止排	0.99	1021	2862	。	公	爲前提。｜公之自述
375	ZJH-081	叁、教育言論	376	欄末止排	1.03	934	2881	牲	愛	家來犧牲｜愛國家,
376	ZJH-081	叁、教育言論	376	欄末止排	0.97	666	2881	而	總	外求。而｜總理所講
377	ZJH-081	叁、教育言論	376	欄內間距	1.66	495	487	」	(	行。」(同上)
378	ZJH-081	叁、教育言論	376	欄內間距	1.88	314	1272	故	公	尤詳。故公於教育
379	ZJH-081	叁、教育言論	377	欄內間距	3.44	1869	2278	行	·	是要力行·如果不
380	ZJH-081	叁、教育言論	377	欄內間距	1.97	1693	708	,	公	種主張,公以爲得
381	ZJH-081	叁、教育言論	377	欄內間距	2.43	1696	1563	」	中	強不息」中庸「至
382	ZJH-081	叁、教育言論	377	欄內間距	2.3	1695	2120	」	論	誠無息」論語「逝
383	ZJH-081	叁、教育言論	377	欄內間距	1.93	1517	2572	見	公	,更可見公「深入
384	ZJH-081	叁、教育言論	377	欄內間距	1.93	1253	847	故	公	現象。故公除提倡
385	ZJH-081	叁、教育言論	377	欄首起排	1.01	900	325		和	和危亡的地步!大
386	ZJH-081	叁、教育言論	377	欄內間距	1.96	286	2332	,	公	年以來,公所作教
387	ZJH-081	叁、教育言論	378	欄內間距	1.92	1636	704	以	公	多,誠以公賦性慈
388	ZJH-081	叁、教育言論	378	欄內間距	2.01	1543	1888	。	公	誠」」。公眞能以
389	ZJH-081	叁、教育言論	378	欄內間距	1.97	1278	1306	。	公	之使命。公銜命在
390	ZJH-081	叁、教育言論	378	欄內間距	1.92	1012	1157	卽	公	礎者,卽公致力軍
391	ZJH-081	叁、教育言論	378	欄內間距	2.04	839	1477	。	公	紛遝來。公乃創設
392	ZJH-081	叁、教育言論	378	欄內間距	1.92	571	902	。	公	之迅速。公乃重視
393	ZJH-081	叁、教育言論	378	欄末止排	1.11	571	2888	練	以	峨嵋訓練｜以及中央
394	ZJH-081	叁、教育言論	378	欄內間距	1.9	479	2658	於	公	效,可於公訓話中
395	ZJH-081	叁、教育言論	378	欄末止排	1.1	395	2893	步	但	大的進步｜但是各人
463	ZJH-104	陸、交通部與浙江省政	450	欄內間距	2.97	1580	999	立	民	局之設立民國初年
464	ZJH-104	陸、交通部與浙江省政	450	欄內間距	2.01	1138	1116	也	收	之進行也收回航權
465	ZJH-104	陸、交通部與浙江省政	450	欄內間距	2.01	963	1173	也	已	與監督也已往航業
466	ZJH-104	陸、交通部與浙江省政	450	欄內間距	1.98	697	882	也	船	之檢定也船員證書
467	ZJH-104	陸、交通部與浙江省政	450	欄內間距	2.03	431	997	也	商	之復興也商船專校
468	ZJH-104	陸、交通部與浙江省政	450	欄內間距	1.97	253	944	也	招	之整頓也招商局爲
617	ZJH-159	拾、邊疆言論	667	欄首起排	2.85	1769	409		之	之於一律平等的境
618	ZJH-159	拾、邊疆言論	667	欄首起排	2.78	1680	409		次	次宣言,一掃滿清
619	ZJH-159	拾、邊疆言論	667	欄首起排	2.82	1596	409		力	力和地位,賦與以
620	ZJH-159	拾、邊疆言論	667	欄首起排	2.83	1507	409		家	家與中央政府,共
621	ZJH-159	拾、邊疆言論	667	欄首起排	2.9	1421	409		而	而三民主義,亦得
622	ZJH-159	拾、邊疆言論	667	欄首起排	0.9	1241	409		這	這一段訓示,可以
623	ZJH-159	拾、邊疆言論	667	欄首起排	0.9	1066	409		這	這一個偉大的政策
624	ZJH-159	拾、邊疆言論	667	欄首起排	0.91	803	409		談	談到這裏,我們應
626	ZJH-160	拾壹、專論	673	欄內間距	1.52	1298	1753	」	(	竪琴人」(Goe
627	ZJH-160	拾壹、專論	673	欄首起排	0.81	1125	465		誰	誰不曾中夜嘆息,
628	ZJH-160	拾壹、專論	673	欄首起排	0.85	954	465		偉	偉大的天神呵,他
629	ZJH-160	拾壹、專論	673	欄首起排	0.96	512	465		誰	誰不曾在半夜裏驚
630	ZJH-160	拾壹、專論	673	欄末止排	1.96	512	1196	,	淚	心起坐,｜淚滋滋的
631	ZJH-160	拾壹、專論	673	欄首起排	0.94	335	465		他	他不曾認識你。阿
712	ZJH-190	拾肆、追念師友	760	欄末止排	1.17	1792	2841	一	後	全國統一｜後,先生
713	ZJH-194	拾肆、追念師友	767	欄末止排	2.03	1074	2823	帶	財	京滬一帶｜財富的淵
716	ZJH-194	拾肆、追念師友	769	欄內間距	1.59	1445	2519	,	-	的主張,-我仍因
719	ZJH-195;ZJH-196	拾肆、追念師友	775	欄末止排	0.75	1743	2881	」	貫	與爲懷」｜貫精神的
720	ZJH-196	拾肆、追念師友	776	欄末止排	1.03	708	2880	處	唯	過人之處｜唯其狂,
721	ZJH-198	拾肆、追念師友	780	欄末止排	0.99	797	2905	請	擔	學的聘請｜擔任地質
