pdfPage	kind	ratio	x	y	before	after	context
2	欄內間距	2.02	1289	610	朱	先	朱先先生以
8	欄首起排	2.5	1642	502		「	「他的治事之才,
10	欄內間距	2.04	417	1387	分	三	大致可分三個階段
11	欄首起排	1.24	1868	427		。	。第三個階段是以
13	欄內間距	2.46	1857	2525	篤	過	交誼最篤過從最
14	欄內間距	1.96	1620	1915	不	拿	,絕對不拿學術做
14	欄內間距	3.18	333	1804	王	聿	王聿均中旟
14	欄內間距	2.88	332	1896	聿	均	王聿均中旟華
14	欄內間距	2.88	376	1975	均	中	王聿均中旟華南
14	欄內間距	1.61	376	2051	旟	華	聿均中旟華南民港
14	欄內間距	1.55	376	2269	十	五	中六央十五研年究
14	欄內間距	1.71	313	2574	史	所	代十五史所
28	欄首起排	1.22	1952	520		朱	朱家驊先生言論集
28	欄首起排	0.79	724	520		貳	貳、中央研究院
29	欄首起排	0.78	1226	468		叁	叁、教育言論
29	欄首起排	3.05	1072	468		一	一、教育行政
29	欄內間距	1.55	854	1548	年	月	國二十年月
31	欄首起排	1.07	1522	766		一	一國立中山大學
31	欄首起排	1.1	519	766		)	)二(國立中央大
32	欄末止排	1.07	1503	1123	育	法	法律教育｜法律教育
34	欄首起排	0.79	1346	492		陸	陸、交通部與浙江
34	欄首起排	0.82	730	492		柒	柒、黨務教育
39	欄首起排	1.54	515	490		拾	拾肆、追念師友
41	欄內間距	1.71	1277	1851	,	爲	本之圖,爲兩端:
42	欄首起排	2.55	1744	468		復	復庚款生陳永齡述
42	欄末止排	2.89	1744	2726	日	二	二十三日｜二十七年
42	欄末止排	1.03	1592	2886	忽	四	量,倏忽｜四載,在
42	欄內間距	1.98	803	1085	,	有	之缺乏,有如足下
42	欄末止排	1.06	449	2897	事	欲	得已之事｜欲求將來
42	欄內間距	1.98	363	1164	待	諸	展,正待諸君回國
42	欄內間距	1.98	365	2318	專	與	添設此專與國人之
43	欄內間距	1.96	1878	1545	。	此	同意耳。此布復,
43	欄首起排	2.49	1605	474		復	復同濟大學校長趙
43	欄末止排	1.36	1605	2841	日	二	月十三日｜二十八年
43	欄末止排	0.98	716	2894	專	,	學添設專｜,不意弟
43	欄末止排	0.91	629	2898	學	無	因各大學｜無此系,
44	欄首起排	2.58	1357	448		函	函同濟大學校長周
44	欄末止排	0.95	1357	2848	日	庚	九月二日｜庚款學生
44	欄內間距	2.05	385	903	事	,	學無此事,故各生
45	欄內間距	1.87	1732	2679	。	此	希詧裁。此奉達,
46	欄首起排	1.34	1162	361		,	,我們一面抗戰,
48	欄末止排	0.88	934	2902	。	秦	意研究。｜秦諸子的
49	欄內間距	2.02	919	2468	才	到	許久,才到了不完
52	欄內間距	2.28	800	2165	業	)	測量事業)()二
55	欄內間距	2.07	1893	375	族	全	族全爲中國
55	欄末止排	1.21	1888	2834	」	皆	「夷狄」｜皆爲「蠻
55	欄內間距	2.48	1802	1847	化	自	己的文化自然不知
55	欄內間距	1.92	1633	2796	。	總	踵而至。總
56	欄內間距	2.93	1070	340	N	聽	JEN聽者藐藐
57	欄內間距	2.48	498	2417	心	尤	的自信心尤其經過
58	欄內間距	2.23	1161	482	」	而	西化」而是以固
60	欄末止排	0.97	1316	2870	事	物	、時、事｜物五者未
60	欄首起排	2.49	962	326		「	「獨善其身」也是
62	欄首起排	2.79	435	463		牛	牛頓與近代科學一
63	欄內間距	2	1364	1116	者	力	的創造者力學上有
63	欄末止排	1.09	1280	2821	」	涉	性定律」｜涉及了「
63	欄內間距	1.5	832	736	」	(	「精質」(惰性質
63	欄內間距	2.07	565	1224	者	我	的先導者我們知道
64	欄內間距	2.01	1849	1091	家	在	天文學家在他的萬
64	欄內間距	1.95	882	1050	家	一	大光學家一六六九
64	欄內間距	2.38	907	2747	)	謂	rie)謂
64	欄內間距	1.73	639	2437	)	的	ank)的量子論
64	欄末止排	0.96	615	2842	現	一	子論出現｜一九○○
65	欄內間距	1.91	1824	1064	家	微	大數學家微積分的
66	欄內間距	1.53	1661	439	n	T	ononTwen
66	欄內間距	1.69	1665	1161	)	一	nts)一文,得
66	欄內間距	1.51	1666	1226	一	文	ts)一文,得到
66	欄內間距	1.51	1670	1885	評	,	士的好評,而Bo
66	欄內間距	1.64	1672	2209	l	氏	well氏所寫地
66	欄內間距	4.61	783	2891	煤	1	如開發煤1
67	欄末止排	0.91	1581	2848	。	地	之目的。｜地質學在
67	欄內間距	2	591	1980	:	地	定標準:地質圖上
67	欄內間距	1.94	409	2624	無	損	實際雖無損益,但
68	欄內間距	1.97	1775	2198	:	我	加擴充:我國省界
68	欄末止排	1.09	1501	2850	要	在	因此需要｜在測圖時
68	欄內間距	1.97	1329	1274	:	我	加培育:我國地質
68	欄內間距	1.97	716	1456	:	在	其進步:在過去我
68	欄內間距	2.03	454	1862	:	現	立學系:現在各大
69	欄內間距	1.85	1195	1906	略	G	,伽利略Gali
69	欄內間距	1.55	1193	2141	o	G	ileoGali
69	欄內間距	1.69	1189	2723	)	與	642)與倍根
70	欄內間距	1.55	1324	1546	頓	H	有布萊頓Henr
70	欄內間距	1.9	265	1549	隆	K	河畔哥隆Köln
70	欄內間距	1.6	266	1734	n	對	Köln對岸的一
71	欄內間距	1.62	1907	725	)	發	sel)發明柴油
71	欄內間距	2.02	410	1623	逢	君	故友江逢君就告訴
72	欄首起排	1.16	315	364		。	。而這一次歐洲戰
73	欄內間距	1.98	667	1471	,	團	的科學,團長也要
74	欄內間距	2.02	1710	784	作	,	,其形作,象「矢
74	欄末止排	0.99	1014	2917	字	亦	字書醫字｜亦從巫作
74	欄內間距	2.02	925	606	作	。	亦從巫作。還有一
74	欄內間距	1.97	565	2010	拉	(	希普克拉(Hip
74	欄內間距	1.52	483	1408	特	(	克雷披特(Ask
78	欄內間距	2.27	364	601	」	其	域圖誌」其測量的
83	欄內間距	3.02	562	2200	步	總	學的進步總理謂「
87	欄末止排	1.05	1794	2843	前	飛	四年以前｜飛機的引
87	欄末止排	1.01	1443	2846	隻	萬	度,一隻｜萬噸的船
91	欄內間距	1.92	1483	755	學	天	、天文學天文學在
91	欄內間距	1.9	511	703	學	化	三、化學化學與軍
92	欄末止排	0.99	617	2875	事	其	盡力從事｜其他方法
92	欄內間距	1.92	465	1091	列	。	,不勝列。
92	欄內間距	1.97	352	745	學	物	、物理學物理學在
94	欄內間距	1.97	974	739	學	氣	、氣象學氣象學對
94	欄內間距	1.97	534	744	學	史	、生物學史達林在
95	欄末止排	0.91	1900	2840	了	德	全自給了｜德國向來
95	欄內間距	1.86	1716	1278	三	二	百分之三二增至三
95	欄內間距	1.93	1367	940	學	飛	與地質學飛機之轟
95	欄內間距	2	655	1629	礦	業	除了工礦業各方面
97	欄末止排	0.91	1642	2856	成	定	,以構成｜定基礎的
98	欄內間距	1.9	1059	1498	日	抗	後,因日抗戰建國
104	欄內間距	2.17	1627	2681	」	用	卽生長」用「生
104	欄末止排	1.16	1163	2854	」	因	卽教育」｜因爲自然
108	欄末止排	1.01	438	2904	疇	「	兩個範疇｜「自然」
109	欄內間距	2.02	1453	2275	物	而	,孰與物而裁之,
110	欄內間距	1.87	1499	2253	學	技	自然科學技術的改
113	欄內間距	1.97	1698	690	貳	中	貳中央研究
114	欄內間距	2.01	904	1730	,	僅	爲成規,僅所謂蕭
115	欄內間距	1.64	907	1230	·	·	與發展··造成堅
118	欄末止排	1	1159	2872	刷	客	等處印刷｜客歲春季
119	欄內間距	2.03	1283	2372	聯	苯	果,雙聯苯磺胺一
121	欄末止排	0.97	772	2854	作	丁	發掘工作｜丁、人類
122	欄末止排	1.01	1836	2838	果	著	重要結果｜著爲論文
122	欄內間距	1.99	1141	934	究	包	濟史研究包括有明
122	欄末止排	1.07	1142	2826	究	中	政之研究｜中國近代
122	欄末止排	1	608	2828	計	浙	銀之估計｜浙江省之
123	欄末止排	2.13	1923	2819	川	嶽	西、四川｜嶽等地之
123	欄內間距	1.97	1581	2823	洪	森	九龍縣洪森
124	欄內間距	1.96	1134	2046	獻	此	滴的貢獻此乃吾人
125	欄內間距	1.91	1064	631	賴	賢	我國賴賢明領袖
128	欄內間距	1.59	248	2277	子	(	組成份子(Aca
131	欄內間距	1.93	398	1400	理	孫	源於總理孫先生設
132	欄內間距	1.98	1087	828	所	物	理研究所物理儀器
132	欄內間距	1.97	821	831	所	化	學研究所化學學理
132	欄內間距	2	643	833	所	戰	學研究所戰前設有
132	欄內間距	1.98	470	831	所	發	質研究所發見地質
132	欄內間距	3.48	395	2913	與	社	造地質與社
138	欄內間距	1.99	1788	1038	文	我	學術論文我國各專
138	欄內間距	1.85	1004	914	本	憲	政府應本憲法基本
138	欄首起排	2.68	527	509		第	第二次院士會議開
141	欄內間距	1.58	1773	1767	的	W	德文中的Wiss
141	欄內間距	1.54	1689	2252	中	W	。德文中Wiss
141	欄內間距	1.5	1522	2781	)	(	學等等)(丙)
141	欄首起排	1.37	1322	395		(	(認識論、形而上
141	欄首起排	1.21	1231	395		,	,因爲學術研究工
142	欄末止排	2.01	1732	2809	」	使	「正確」｜使「學術
147	欄內間距	2	181	655	貳	中	貳中央研究
155	欄內間距	2.03	838	1465	長	楊	同傅所長楊梅察看
155	欄內間距	1.9	199	676	貳	中	貳中央研究
156	欄內間距	1.99	489	2803	院	又	可,本院又
162	欄內間距	3	1185	1092	的	總	敢否認的總理亦曾
164	欄末止排	0.96	1115	2901	了	但	得很多了｜但是成績
165	欄末止排	1.03	1241	2864	員	對	小學教員｜對于一般
166	欄內間距	2.02	1202	2807	。	圖	的文化。圖
167	欄末止排	1.04	1586	2838	舉	這	舉不勝舉｜這樣學出
167	欄末止排	1	1498	2842	些	說	懂得一些｜說他懂呢
171	欄末止排	0.91	1051	2889	。	總	族自信。｜總理嘗謂
172	欄內間距	1.92	839	853	二	推	二推行義務
173	欄內間距	2.7	1621	1718	措	卽	無從籌措卽一百四
173	欄內間距	2.47	1534	1791	可	但	遍設不可但僅此辦
173	欄內間距	1.88	803	802	三	整	三整理中學
174	欄末止排	1	1276	2909	其	融	不可任其｜融,使男
175	欄末止排	0.97	896	2886	習	尤	科之肄習｜尤須注重
176	欄內間距	1.95	1718	787	五	注	五注重職業
176	欄首起排	3.21	1716	551		五	五注重職業教育
176	欄內間距	1.86	489	819	六	注	六注重專科
179	欄內間距	1.83	1739	856	八	推	八推行蒙间
180	欄內間距	1.92	713	807	九	推	九推行青年
181	欄內間距	1.9	1375	819	+	厲	+厲行國民
182	欄內間距	1.94	1860	851	一	推	十一推行電影
182	欄內間距	1.94	799	874	二	增	十二增設並充
183	欄內間距	1.96	1464	896	三	籌	十三籌設中央
183	欄內間距	1.98	848	885	四	改	十四改良課程
183	欄內間距	2	719	888	程	小	小學課程小學課程
183	欄末止排	1.09	718	2909	造	以	文字構造｜以象形會
184	欄內間距	1.96	1111	893	程	關	中學課程關於高初
184	欄首起排	2.48	1107	379		(	(二)中學課程關
185	欄末止排	0.98	1236	2884	物	科	理化生物｜科,在使
186	欄末止排	0.97	1739	2913	果	如	教學結果｜如尙妥善
186	欄內間距	1.97	1471	885	程	今	大學課程今日大學
186	欄首起排	2.49	1471	373		(	(三)大學課程今
186	欄內間距	2	1383	600	體	與	程本身體與客觀條
186	欄末止排	2.97	1383	2798	科	由	究之學科｜由基本而
186	欄內間距	1.99	854	1351	程	可	也。課程可輕設,
186	欄內間距	2.6	413	1178	題	乃	專門問題乃爲學習
187	欄內間距	1.89	1768	858	詞	尤	翻譯名詞尤有應於
187	欄內間距	1.9	1113	863	五	充	十五充實設備
188	欄內間距	2.99	1388	941	則	以	欠缺,則以不設爲
188	欄內間距	1.96	416	766	以	號	尚不足以號召;文
189	欄內間距	1.95	565	879	六	注	十六注重訓育
190	欄內間距	2.08	557	853	七	厲	十七厲行考試
192	欄首起排	1.18	1902	377		育	育有關國外僑民,
193	欄內間距	2.02	1343	1050	也	復	興民族也復興民族
193	欄內間距	1.97	1076	1050	也	中	程標準也中小學課
193	欄內間距	1.98	813	1109	也	我	之範本也我國中小
195	欄內間距	2	1694	614	期	四	第二期四萬一千
195	欄內間距	1.97	1251	617	期	三	第三期三萬八千
195	欄末止排	1.47	1161	2393	。	二	十八册。｜二、編輯
196	欄首起排	1.05	1036	353		無	無期之慨!卽使八
199	欄內間距	2.86	1340	2562	」	「	中學法」「中學規
199	欄內間距	2.4	1238	395	」	「	程」「師範學
199	欄內間距	2.01	1158	2388	相	合	之教育相合。中學
200	欄末止排	0.84	477	2901	於	定	員會,於｜定時間爲
201	欄末止排	0.88	1785	2914	導	而	負責指導｜而此訓育
201	欄內間距	2.44	816	1869	區	實	分年分區實驗推行
202	欄末止排	0.89	692	2876	,	寖	加數倍,｜寖將普及
203	欄內間距	1.88	451	1343	我	兄	乞正於我兄者,即
207	欄末止排	1.02	749	2881	效	管	奏其實效｜管窺蠡測
210	欄首起排	1.45	1802	373		)	)(2本黨五十年
218	欄末止排	0.97	1639	2904	的	仍	抗侵略的｜仍在不斷
218	欄末止排	0.93	1551	2905	地	的	在淪陷地｜的學校和
218	欄內間距	2.03	1019	585	二	收	第二收復區和
218	欄內間距	1.96	931	593	三	留	第三留在西南
218	欄內間距	1.87	843	594	四	鼓	第四鼓勵和救
221	欄末止排	1.14	1748	2886	生	但	就師範生｜但是因爲
222	欄內間距	2.01	1376	1251	分	獎	往分科分獎勵與混
222	欄末止排	0.93	1383	2863	四	%	半公費四｜%,使貧
222	欄首起排	2.67	560	449		全	全國教育善後復員
223	欄內間距	2.38	816	2557	日	盼	留些時日盼勿失之
224	欄內間距	1.85	1111	579	,	一	面努力,一面更多
228	欄末止排	1.03	523	2802	。	九	償損失。｜九、中等
229	欄末止排	1.04	700	2873	學	文	毀我大學｜文化機構
232	欄末止排	1.1	1654	2888	化	脈	我國文化｜脈至巨,
233	欄內間距	2	762	1123	情	部	亦多同情部之需要
234	欄內間距	2.05	1740	404	量	配	量配運比額
236	欄末止排	0.97	1172	2908	我	府	教育與我｜府之教育
237	欄內間距	1.92	1569	404	事	該	事該會原稱
238	欄末止排	0.98	1916	2912	之	助	濟分署之｜助,以及
239	欄首起排	1.53	871	352		聯	聯合國教育科學文
241	欄內間距	1.99	1378	1091	,	成	與成就,成立亞馬
241	欄內間距	1.63	1021	1626	派	P	下旬已派Pete
241	欄內間距	1.68	1016	1977	e	來	Hume來華調查
242	欄首起排	1.14	679	343		聯	聯合國教育科學文
244	欄首起排	0.98	1722	361		聯	聯合國教育科學文
247	欄末止排	0.98	1850	2905	察	可	遍的視察｜可是在可
251	欄末止排	0.99	971	2891	育	雖	這種教育｜雖不像學
256	欄內間距	2.1	681	696	二	敎	二敎育施政
256	欄首起排	3.15	681	369		二	二敎育施政報告
257	欄內間距	1.97	981	976	進	在	育的推進在去年年
257	欄內間距	1.8	716	984	養	遵	材的培養遵照總裁
257	欄內間距	1.93	274	915	軍	青	志願從軍青年志願
258	欄首起排	1.24	1892	341		。	。因名額的限制,
258	欄內間距	2.02	1719	912	作	近	文化合作近年來國
261	欄內間距	3.06	1508	399	題	總	題總裁在「
262	欄內間距	1.96	1031	922	在	籌	,以便在籌設戰時
264	欄末止排	1.03	1754	2877	了	所	經五年了｜所買的東
265	欄末止排	1.12	486	2872	一	姑	三分之一｜姑不論將
266	欄首起排	1.11	719	365		另	另擬在英美設法徵
267	欄內間距	1.97	1617	828	已	編	內容,已編譯館改
269	欄內間距	4.06	1446	2613	全	0	方有健全0年來
272	欄首起排	2.97	1659	450		教	教育行政工作現狀
273	欄內間距	2.05	1379	1241	工	學	有文理工學院的學
276	欄首起排	1.52	722	342		「	「青年復學就業輔
277	欄內間距	3.06	1440	1677	學	專	部制教學專科以上
277	欄內間距	2.4	738	1722	遇	-	費生待遇-因爲國
279	欄內間距	1.99	323	687	一	學	第一學校數量
280	欄內間距	1.9	614	722	二	基	第二基本教育
281	欄內間距	1.88	1367	699	三	邊	第三邊疆教育
281	欄內間距	1.91	669	695	四	教	第四教育經費
282	欄內間距	3.1	1027	1050	題	匪	救濟問題匪區流亡
283	欄內間距	2.58	1514	2151	形	得	嚴重情形得以隨時
283	欄末止排	0.94	971	2861	,	將	奉院令,｜將各級輔
283	欄內間距	3.05	798	793	題	公	公費問題公費辦法
284	欄內間距	2.98	1539	782	題	年	學風問題年來學風
285	欄內間距	3.08	816	849	展	各	均衡發展各級教育
285	欄內間距	2.48	837	2663	究	求	學術研究求其發
286	欄內間距	3.06	1366	1057	育	教	基本教育教育普及
287	欄內間距	2.92	1427	992	理	當	題的處理當這時局
288	欄首起排	1.24	1708	370		人	人們呼籲「搶救教
288	欄首起排	1.12	1352	370		應	應加緊努力,亦望
288	欄首起排	1.44	1051	370		三	三、各大學演講詞
288	欄首起排	3.27	705	370		國	國立中山大學籌備
288	欄首起排	0.77	379	370		今	今天是我們中山大
289	欄內間距	1.94	410	2557	念	中	號來紀念中山先生
290	欄首起排	1.3	1452	334		一	一點兒都沒有,不
291	欄內間距	2.39	763	1702	,	-	個月來,-在這四
299	欄內間距	2.38	1204	2762	。	-	的責任。-使
301	欄內間距	2.91	469	2470	,	一	是這樣,一方經費
303	欄首起排	2.96	1783	364		歡	歡宴中山大學全校
304	欄內間距	1.99	1288	924	題	待	許多問題待解決的
305	欄內間距	2.51	1324	1950	授	內	兩位教授內容更爲
305	欄內間距	2.07	1055	2321	學	,	不願意學,同時就
307	欄末止排	0.85	1873	2881	三	謝	時本再三｜謝,不肯
308	欄內間距	1.71	591	1698	詞	國	長講演詞國民十九
308	欄首起排	3.5	582	460		就	就任國立中山大學
310	欄內間距	1.99	1830	1293	不	是	究所,不是教課,
310	欄首起排	0.99	1470	319		並	並非卽是文學之全
310	欄末止排	0.93	941	2861	層	我	還有一層｜我們文科
311	欄末止排	0.98	1498	2865	科	設	先在理科｜設測量一
315	欄內間距	2.47	1072	2128	教	在	事的指教在大學裏
315	欄內間距	2.56	622	444	風	自	學風自然是歷
316	欄內間距	2.04	1653	2766	同	科	。理科同科的
316	欄末止排	0.92	750	2885	年	知	處四五年｜知道各位
316	欄內間距	2.89	395	869	實	國	黨的忠實國立中山
317	欄內間距	3.03	1505	948	全	一	心的健全一個人須
317	欄內間距	3.12	712	613	貌	中	三(禮貌中國人向
318	欄內間距	2.9	1197	603	心	做	四專心做學問第
318	欄內間距	2.97	400	600	恒	其	国有恒其次要有
319	欄內間距	1.98	1523	921	可	讀	料,不可讀死書「
319	欄內間距	3.19	1527	1157	書	「	可讀死書「何必讀
319	欄末止排	1.31	1341	2799	」	段	訪碑錄」｜段茂堂之
319	欄內間距	2.95	733	986	功	近	字應用功近年學生
320	欄內間距	1.54	1886	449	達	意	以達意爲主。
320	欄內間距	3.13	1797	949	課	火	科的功課火藥同羅
320	欄末止排	1.07	910	2857	計	要	究學問計｜要注意理
320	欄內間距	2.98	731	824	文	中	功外國文中國開化
324	欄末止排	1.04	559	2869	能	守	非但都能｜守,如每
327	欄內間距	2.06	1178	641	二	國	二國立中央
327	欄首起排	3.11	1178	350		二	二國立中央大學
328	欄首起排	3.19	1263	377		:	:這是極普遍的情
329	欄內間距	2.02	1606	2192	相	勉	氣節自相勉,同時
331	欄內間距	1.66	811	831	紀	D	十二世紀Doct
331	欄內間距	1.7	822	2213	同	O	面。如同Occa
331	欄內間距	1.56	544	514	作	M	是稱作Magi
333	欄內間距	1.94	661	2759	,	爲	化體系,爲瞭
334	欄末止排	1.06	1443	2900	所	地	願意受所｜地國家法
335	欄內間距	1.97	1404	600	二	國	)(二國立同濟
336	欄內間距	2.47	1913	2726	e	席	ethe席勒
337	欄末止排	1	821	2896	中	實	時代之中｜實現學術
338	欄內間距	2.24	1569	2566	a	當	irma當時他們
338	欄末止排	1.01	1374	2885	子	作	臨時房子｜作爲三等
339	欄末止排	1.12	357	2887	劃	所	具體計劃｜所以貝倫
344	欄內間距	2.05	1038	2506	府	都	國民政府都南京以
345	欄內間距	1.94	806	2263	二	二	一二、二二人。留
346	欄內間距	1.95	1112	1213	題	本	改進問題本問題之
346	欄內間距	1.97	847	1720	題	解	分佈問題解決此問
346	欄內間距	1.94	581	1090	題	現	師資問題現在法學
346	欄內間距	1.98	401	1899	題	此	培養問題此後法學
347	欄內間距	1.97	1603	1253	題	近	階段問題近年來學
347	欄內間距	1.94	555	977	目	已	系之科目已照第二
347	欄內間距	2.02	288	980	設	本	系之增設本部已在
348	欄首起排	1.12	1900	332		且	且都專重法律,不
348	欄內間距	2.03	1283	727	資	培	關於師資培養目前
348	欄內間距	1.98	1282	905	養	目	師資培養目前法律
351	欄首起排	3.05	965	323		法	法律教育委員會第
355	欄末止排	1.07	801	2801	」	禮	有「禮」｜禮不像法
358	欄內間距	1.94	1170	1227	學	法	認爲大學法學院,
360	欄末止排	0.97	1062	2909	成	自	底於無成｜自分組制
363	欄內間距	2.23	1015	1221	。	:	修改者。:長此以
364	欄內間距	1.89	1796	745	法	治	法治行政民
364	欄內間距	1.94	1800	858	治	行	法治行政民國
364	欄內間距	1.92	1803	969	行	政	法治行政民國三
364	欄內間距	2	1004	2104	是	中	,尤其是中山先生
366	欄內間距	2.53	1094	1219	。	·	至道也。·不知親
367	欄內間距	2.01	1425	1717	,	有	有明律,有大清律
367	欄內間距	2.55	279	2258	)	我	政訴願)我們現在
368	欄末止排	3	1629	2767	翁	民	的主人翁｜民。就人
368	欄內間距	2.31	1511	2309	志	-	己的意志-法律—
368	欄末止排	1.05	1450	2885	他	照	來制裁他｜照現行法
368	欄內間距	1.5	501	1769	m	,	ntum,譯出來
369	欄內間距	1.95	924	653	五	敎	五敎師節紀
369	欄首起排	2.96	926	367		五	五敎師節紀念
370	欄內間距	1.93	1814	1618	從	賢	上,服從賢明領袖
370	欄首起排	0.9	1260	361		壞	壞的,應當加以革
372	欄末止排	1.9	813	2787	。	國	以加甚。｜國父首倡
373	欄內間距	1.99	1799	423	、	景	美、景崧諸先
373	欄內間距	1.97	1614	1451	使	公	身心,使公立大志
373	欄內間距	2.06	1614	1562	公	立	心,使公立大志,
373	欄內間距	1.97	1533	713	,	公	是觀之,公自幼卽
373	欄內間距	2.6	1525	2383	本	又	留學日本又受嚴格
373	欄末止排	0.99	1533	2872	事	練	格之軍事｜練,更養
373	欄內間距	3.12	650	1184	立	蔣	正式建立蔣主席少
373	欄內間距	2.03	552	2796	與	公	期教育與公
373	欄內間距	1.95	297	606	故	公	策論。故公年十六
374	欄內間距	1.95	1916	2797	科	,	請立停科,
374	欄內間距	1.98	1278	1067	知	孫	教,漸知孫中山先
374	欄內間距	2.32	298	412	)	投	六)投考陸軍
375	欄內間距	1.94	1534	616	隨	孫	公追隨孫總理從
375	欄內間距	1.93	1437	1467	。	公	大且鉅。公對於教
375	欄首起排	0.97	1182	329		並	並不在乎爭軍備之
375	欄內間距	3.22	823	1477	育	…	改進教育…」。(
375	欄內間距	1.91	294	419	。	公	命。公自幼卽
375	欄內間距	1.93	284	1765	從	孫	響。壯從孫總理遊
376	欄內間距	3.05	1375	840	。	我	要失敗。我很希望
376	欄內間距	1.97	1114	2227	。	公	若揭矣。公於王陽
376	欄末止排	0.99	1021	2862	。	公	爲前提。｜公之自述
376	欄末止排	1.03	934	2881	牲	愛	家來犧牲｜愛國家,
376	欄末止排	0.97	666	2881	而	總	外求。而｜總理所講
376	欄內間距	1.66	495	487	」	(	行。」(同上)
376	欄內間距	1.88	314	1272	故	公	尤詳。故公於教育
377	欄內間距	3.44	1869	2278	行	·	是要力行·如果不
377	欄內間距	1.97	1693	708	,	公	種主張,公以爲得
377	欄內間距	2.43	1696	1563	」	中	強不息」中庸「至
377	欄內間距	2.3	1695	2120	」	論	誠無息」論語「逝
377	欄內間距	1.93	1517	2572	見	公	,更可見公「深入
377	欄內間距	1.93	1253	847	故	公	現象。故公除提倡
377	欄首起排	1.01	900	325		和	和危亡的地步!大
377	欄內間距	1.96	286	2332	,	公	年以來,公所作教
378	欄內間距	1.92	1636	704	以	公	多,誠以公賦性慈
378	欄內間距	2.01	1543	1888	。	公	誠」」。公眞能以
378	欄內間距	1.97	1278	1306	。	公	之使命。公銜命在
378	欄內間距	1.92	1012	1157	卽	公	礎者,卽公致力軍
378	欄內間距	2.04	839	1477	。	公	紛遝來。公乃創設
378	欄內間距	1.92	571	902	。	公	之迅速。公乃重視
378	欄末止排	1.11	571	2888	練	以	峨嵋訓練｜以及中央
378	欄內間距	1.9	479	2658	於	公	效,可於公訓話中
378	欄末止排	1.1	395	2893	步	但	大的進步｜但是各人
379	欄首起排	2.56	266	328		「	「師」在中國舊來
380	欄內間距	2.17	1819	659	」	把	「學員」把敎師改
380	欄末止排	1.21	1379	2850	」	中	士之學」｜中學這一
384	欄內間距	1.91	1730	1124	堅	份	會上中堅份子,民
387	欄內間距	2.31	1795	1823	」	「	故可據」「依倚也
387	欄末止排	1.27	1769	2805	」	接	故可倚」｜接着是「
387	欄首起排	2.56	452	304		「	「志道」「據德」
389	欄末止排	1.07	990	2888	』	也	志竟成』｜也就是精
390	欄內間距	1.91	1095	2814	以	總	要。所以總
391	欄末止排	2.08	1676	2842	入	諸	隨便闖入｜諸如此類
394	欄末止排	0.97	1183	2895	切	其	括了一切｜其範圍至
394	欄內間距	2.23	741	1138	』	沒	『延續』沒有其他
396	欄末止排	1.08	585	2881	切	其	括了一切｜其範圍至
399	欄末止排	1.09	1621	2880	衰	民	替與興衰｜民族的生
399	欄內間距	2.03	1008	1188	。	國	進知識。國際間「
399	欄內間距	1.91	481	1737	經	切	中,曾經切啓示:
400	欄內間距	2.24	1708	669	)	在	證時期)在不知而
400	欄內間距	2	826	1335	饔	間	窘困,饔間有不繼
400	欄內間距	3.07	821	2431	書	總	悉數購書總裁的讀
400	欄內間距	2.15	652	823	讀	近	部屬閱讀近且撰著
400	欄末止排	0.96	650	2878	,	高	的基礎,｜高深的學
401	欄內間距	3	1455	1375	門	總	專攻一門總裁訓示
401	欄末止排	1.05	1349	2885	博	僅	需要廣博｜僅僅常識
402	欄內間距	1.96	1351	1894	。	總	的美德。總總裁裁
402	欄內間距	1.84	1101	399	.	立	.立志爲國
402	欄內間距	2.59	647	2044	』	從	正氣歌』從容就義
403	欄內間距	2	1898	2635	垢	以	亦不敢垢以矯俗干
403	欄末止排	0.87	990	2875	到	總	可以達到｜總理所說
404	欄內間距	3.29	1876	1096	視	髮	,已經視髮蒼蒼,
404	欄內間距	2.47	1440	977	毅	任	以不宏毅任重而道
404	欄末止排	0.92	1440	2882	高	遠	味的好高｜遠,浮誇
407	欄末止排	0.89	940	2888	年	國	國十四年｜國父在廣
411	欄末止排	0.92	410	2881	開	總	見了離開｜總理所指
416	欄內間距	3.09	1723	811	化	現	事社會化現在是全
417	欄內間距	1.98	255	2792	行	之	非明經行之
418	欄末止排	2.1	1550	2789	東	明	以媲美東｜明太祖刻
420	欄內間距	2.03	1124	2803	年	總	二十三年總
423	欄內間距	1.98	1777	700	伍	中	伍中英庚款
424	欄末止排	0.92	1526	2878	。	位	的增進。｜位在外努
426	欄內間距	2.05	375	1593	行	政	,鑒推行政,必先
428	欄首起排	0.77	311	332		重	重新準備起更進步
429	欄內間距	2.01	1027	869	格	中	修養人格中國有幾
429	欄內間距	1.95	767	2838	得	尤	前途,得尤
429	欄內間距	2.04	586	867	問	中	勤求學問中國四萬
430	欄末止排	0.98	1765	2882	徑	諸	學的門徑｜諸生學習
430	欄內間距	2	1591	861	魄	諸	健全體魄諸生將來
430	欄末止排	0.97	974	2880	去	守	誠意的去｜守。諸生
434	欄內間距	2.84	438	2337	蔣	職	呈總裁蔣職朱家驊
435	欄內間距	1.92	1615	1993	等	前	請轉呈等前來,查
435	欄內間距	1.96	1106	782	計	今	工作設計今後應由
435	欄內間距	1.98	924	785	進	第	技術改進第四廳執
435	欄內間距	1.98	509	790	作	國	師資合作國內高等
439	欄內間距	1.96	1913	2374	理	工	面注重理工醫,在
439	欄內間距	2.05	1027	1975	道	,	正太、道,同蒲、
442	欄內間距	1.98	1862	1652	理	工	科側重理工醫,學
442	欄首起排	0.99	1163	332		也	也在湖南補助過兩
442	欄末止排	1.01	368	2863	由	運	運滬,由｜運港,又
445	欄內間距	2.08	1852	634	陸	交	陸交通部與
445	欄內間距	2.01	519	2706	滋	。	,言之滋。今
445	欄內間距	1.94	432	1497	通	一	國之交通一文,輒
446	欄末止排	0.98	1393	2818	義	而	總辦名義｜而其職權
446	欄內間距	1.91	782	627	報	前	一、電報前淸辦理
447	欄內間距	2.01	1658	649	話	市	二、電話市内的電
448	欄內間距	2.03	1501	768	政	儲	茲將郵政儲金之概
448	欄內間距	1.88	1408	888	況	自	郵政概況自民元以
448	欄內間距	2.03	1227	1752	萬	五	四十九萬五百六十
448	欄內間距	1.95	884	764	金	自	郵政儲金自民國八
450	欄內間距	2.97	1580	999	立	民	局之設立民國初年
450	欄內間距	2.01	1138	1116	也	收	之進行也收回航權
450	欄內間距	2.01	963	1173	也	已	與監督也已往航業
450	欄內間距	1.98	697	882	也	船	之檢定也船員證書
450	欄內間距	2.03	431	997	也	商	之復興也商船專校
450	欄內間距	1.97	253	944	也	招	之整頓也招商局爲
451	欄內間距	1.95	768	950	萬	千	吾人於萬千難之後
452	欄內間距	2.07	1782	2284	國	歷	利。我國歷史關係
455	欄內間距	2.06	494	1234	自	以	級船員自以後,均
456	欄末止排	1.12	957	2901	官	發	軍政長官｜發起籌設
459	欄內間距	2	1683	2801	,	滋	行安全,滋
460	欄內間距	1.96	1588	2395	,	缺	壞無餘,缺有時幾
462	欄末止排	1.1	1193	2880	達	都	使其發達｜都應該十
464	欄首起排	1.34	1233	346		✓	✓兄弟當年爲治標
466	欄內間距	2.49	490	813	」	兄	如何耳」兄弟自覺
471	欄末止排	1.1	1031	2846	亂	所	身來搗亂｜所以他們
472	欄末止排	0.98	607	2872	必	那	心的,必｜那人聽我
473	欄末止排	1.02	1804	2860	置	所	許多位置｜所以只能
475	欄內間距	1.85	1225	974	識	每	動之認識每一種運
476	欄內間距	2.01	1744	1041	瞰	中	運動鳥瞰中國的婦
477	欄內間距	1.91	623	1084	向	上	工作動向上面曾經
478	欄內間距	1.99	1096	1112	任	前	女之責任前面各節
479	欄首起排	2.46	1237	350		(	(三)對家庭的責
479	欄末止排	1.1	1237	2889	體	而	的混合體｜而不是兩
481	欄內間距	1.96	821	529	趣	本	旨趣本來學校
484	欄內間距	2.01	1312	980	多	,	,姑不多,只看最
484	欄末止排	1.1	517	2873	事	敵	自奮的事｜敵人的居
486	欄內間距	2.05	1674	1008	。	中	爲自由。中國歷史
489	欄首起排	1.4	801	359		;	;譬如我們抗戰能
490	欄內間距	1.98	1779	881	舌	唇	呼號,舌唇焦,卒
490	欄內間距	2.08	1257	2220	策	力	必須羣策力,以求
491	欄內間距	2.33	1355	2416	n	·	關鍵,n·各地教
491	欄內間距	2.34	1090	2416	。	·	於絕境。·救濟之
492	欄內間距	2.29	1481	1873	。	:	而努力。:我們知
492	欄內間距	1.95	500	1099	月	八	八年一月八月兩次
493	欄末止排	0.96	969	2866	分	荒	總理所分｜荒、神權
494	欄內間距	3.08	988	2288	省	有	是東三省有很大關
499	欄內間距	2.01	1787	884	n	本	訴他們n本幾十年
502	欄內間距	1.97	1716	1165	其	中	輕易墮其中。
502	欄內間距	1.53	1186	1266	念	「	家來紀念「九一八
503	欄內間距	2.51	1868	1445	心	我	大的決心我們已經
504	欄末止排	0.97	1025	2884	總	1	如故。總｜1句話,
507	欄內間距	1.97	1685	2192	在	最	無間的在最高領袖
507	欄末止排	1	972	2884	事	瞻	回顧往事｜瞻望前途
507	欄內間距	1.91	627	1739	我	最	,早在我最高領袖
508	欄內間距	2	1696	2643	信	最	疑的確信最高領袖
508	欄內間距	1.97	1525	2237	照	最	疑的遵照最高領袖
510	欄內間距	2.02	1228	2134	。	最	實現的。最高領袖
511	欄內間距	1.98	930	1154	搶	中	要儘量搶中國的物
512	欄末止排	1.78	1592	2794	,	條	人獨佔,｜條件的苛
514	欄末止排	0.98	628	2887	成	政	政府促成｜政。第四
516	欄首起排	1.3	817	342		,	,日本帝國主義者
518	欄內間距	2.03	708	2770	的	中	立統一的中央
519	欄末止排	0.98	1301	2901	者	對	之發起者｜對於倭寇
519	欄內間距	2.03	677	1157	打	,	圖趁火打,但因有
519	欄內間距	2.02	591	522	自	於	強國自於世,顧
520	欄內間距	2.01	815	1159	之	需	,抗戰之需,尤要
521	欄首起排	1.17	1110	361		。	。爲求國家民族之
521	欄末止排	1.06	1110	2869	一	興	要素,一｜興邦,三
522	欄內間距	2.01	1378	1321	。	總	折不撓。總總裁裁
528	欄內間距	1.95	1229	576	搶	下	在敵人搶下,益形
530	欄內間距	2.07	816	1878	。	孫	線之上。孫中山先
531	欄首起排	1.17	1908	343		萬	萬萬五千萬。近以
531	欄內間距	2.48	827	2439	殘	尤	箝制摧殘尤復嗷嗷
532	欄內間距	2.22	706	1902	」	或	成事實」或擧行什
534	欄內間距	2.1	1377	393	1	開	1開始建設
534	欄末止排	0.9	573	2916	後	沒	序的先後｜沒有輕重
537	欄末止排	1	627	2874	行	將	繼續進行｜將來的結
538	欄末止排	1.03	1101	2868	一	日	爲:第一｜日美通商
539	欄內間距	2.03	1879	797	同	於	世界上同於我之國
539	欄內間距	1.91	1003	1767	同	一	于我們同一天一天
540	欄內間距	1.5	289	1290	」	(	防疫隊」(Cor
541	欄內間距	2.01	1113	2804	國	重	締約各國重
542	欄末止排	0.91	1742	2889	勢	演	國際情勢｜演變,我
542	欄內間距	1.99	498	916	不	變	事實上不變爲國際
543	欄內間距	2.02	1751	2118	國	奧	」。德國奧以後,
544	欄內間距	2.23	1934	1920	」	實	個陷阱」實爲的論
550	欄內間距	2.04	1228	560	一	這	第一這次美國
551	欄內間距	1.96	593	1849	同	致	力,共同致太平洋
553	欄內間距	4.01	1441	1039	擊	這	常的攻擊這是消耗
553	欄內間距	2.56	1349	749	擊	-	命的打擊-而在德
553	欄末止排	2.03	1175	2825	勢	德	動大攻勢｜德意方面
555	欄末止排	1.97	1160	2825	陀	時	直布羅陀｜時,以空
556	欄內間距	2.03	1047	1278	勢	-	絕對優勢--最好
562	欄末止排	2.04	1877	2812	位	本	動的地位｜本不能主
565	欄內間距	2.34	484	1787	角	-	一個主角-美國,
567	欄內間距	1.97	1740	1492	法	單	任維琪法單獨抵抗
568	欄末止排	1.02	426	2882	貫	而	堅定一貫｜而且一天
572	欄內間距	1.97	1748	1700	浩	中	始終在浩中掙扎罷
572	欄內間距	1.97	1567	2260	,	爲	治糾紛,爲釐定調
572	欄末止排	1.06	1483	2822	」	因	「制裁」｜因爲本諸
572	欄內間距	1.95	1390	2043	爲	在	,我以爲在將來國
573	欄末止排	0.96	587	2865	斷	如	推移爲斷｜如果德日
581	欄末止排	1.2	911	2843	」	這	歸失敗」｜這種失望
582	欄末止排	0.95	1443	2892	」	能	道多助」｜能由單獨
583	欄內間距	2.16	1613	537	」	去	戰功」去年十二
583	欄末止排	1	1441	2923	果	然	不少戰果｜然而我們
584	欄內間距	2.43	1901	672	機	-	二、飛機-日寇空
584	欄末止排	0.91	390	2869	日	因	霉頭!日｜因爲船舶
589	欄末止排	1.03	484	2880	路	接	雷多公路｜接,打通
591	欄末止排	0.96	1370	2898	里	距	三百英里｜距小笠原
594	欄內間距	1.94	1788	699	玖	國	玖國際聯盟
598	欄內間距	1.97	1880	1201	浩	。	度遭受浩。國聯的
601	欄內間距	1.93	659	1320	箭	弓	成今日箭弓張的險
603	欄末止排	0.97	965	2880	在	九	組織。在｜九四五年
603	欄內間距	1.92	264	2126	,	其	大貢獻,其犖犖大
605	欄內間距	2.1	652	2797	始	終	們要徹始終
606	欄首起排	2.5	1533	339		「	「聯合國日」是聯
607	欄內間距	2.44	637	1598	家	一	際政治家一再企求
611	欄內間距	2.01	1019	2812	奮	!	使命而奮!
615	欄內間距	1.97	1819	1176	爲	擁	。本會爲擁護聯合
615	欄內間距	2	497	1398	敵	—	平的大敵—蘇聯共
616	欄末止排	1.09	1090	2888	爭	此	抗暴鬪爭｜此伏彼起
616	欄末止排	0.9	739	2885	的	利	復生存的｜利與自由
616	欄末止排	0.91	651	2867	,	實	的聲援,｜實際的支
618	欄內間距	1.87	1158	574	務	講	黨務講到西北
618	欄內間距	1.94	275	579	育	教	教育教育事業
619	欄內間距	1.99	1090	560	化	西	文化西北是我
619	欄末止排	1.03	653	2873	寶	應	化的至寶｜應妥爲保
619	欄內間距	2.16	573	2557	」	我	煌學者」我國學術
619	欄內間距	2.03	300	560	步	西	進步西北各省
621	欄內間距	2.53	1317	1670	卷	和	經、手卷和壁畫等
621	欄末止排	0.93	1145	2887	倦	我	感到疲倦｜我想有病
622	欄內間距	2.2	1920	1875	:	。	際路線:。因之,
623	欄首起排	1.55	396	350		·	·唐朝王之渙詩云
625	欄內間距	1.98	528	1318	業	|	多的事業|如航空
628	欄內間距	1.94	842	392	三	一	三一四八(
628	欄內間距	1.8	836	2764	三	二	全國二三二三
628	欄內間距	2.05	747	1379	二	三	全國二二三四四;
628	欄末止排	0.93	577	2879	林	至	有些森林｜至於西北
630	欄末止排	0.89	827	2888	下	有	種環境下｜有些工人
632	欄內間距	1.91	1892	1550	,	奪	展魔手,奪我們各
633	欄末止排	1.04	1610	2889	所	各	寬大,所｜各個時代
633	欄末止排	2.04	1435	2834	時	究	奏效一時｜究徒勞無
634	欄內間距	1.97	1458	2827	在	國	,尤其在國
637	欄末止排	1.23	1159	2848	,	麼	點勇氣,｜麼,其他
637	欄內間距	1.94	816	1263	大	建	,必須大建設,而
644	欄內間距	1.99	1843	575	們	謹	現在我們謹慎地改
644	欄首起排	1.51	1052	356		·	·「草地路並不遠
645	欄內間距	2.47	1441	2554	神	一	」的精神一律平等
647	欄末止排	0.87	1409	2933	來	我	引上水來｜我們不必
647	欄末止排	0.77	976	2918	口	說	責難的口｜說:「中
648	欄內間距	2.12	1016	1162	」	一	看不起」一是「了
648	欄末止排	2.02	749	2811	練	這	合併訓練｜這便容易
650	欄末止排	1.09	1690	2887	往	了	他們往往｜了極小的
653	欄內間距	1.97	1509	2060	狐	車	國家像狐車師都尉
656	欄內間距	2.28	1818	1372	一	不	就是第一不可拿自
656	欄內間距	1.93	406	2805	,	國	此措置,國
658	欄末止排	0.94	471	2871	回	錫	蒙古、回｜錫伯、塔
660	欄內間距	3.68	1787	905	)	額	rat)額爾齊斯
661	欄內間距	1.76	809	1329	「	鍑	。所有「鍑薪炭」
661	欄內間距	2.08	724	1397	代	,	有以人代,改戰士
663	欄內間距	1.97	1654	1774	外	工	,但在外工作,情
663	欄末止排	1.97	872	2806	有	例	於新疆有｜例如移民
667	欄首起排	2.85	1769	409		之	之於一律平等的境
667	欄首起排	2.78	1680	409		次	次宣言,一掃滿清
667	欄首起排	2.82	1596	409		力	力和地位,賦與以
667	欄首起排	2.83	1507	409		家	家與中央政府,共
667	欄首起排	2.9	1421	409		而	而三民主義,亦得
667	欄首起排	0.9	1241	409		這	這一段訓示,可以
667	欄首起排	0.9	1066	409		這	這一個偉大的政策
667	欄首起排	0.91	803	409		談	談到這裏,我們應
669	欄內間距	2.02	476	2576	待	,	是百端待,我們應
673	欄內間距	1.52	1298	1753	」	(	竪琴人」(Goe
673	欄首起排	0.81	1125	465		誰	誰不曾中夜嘆息,
673	欄首起排	0.85	954	465		偉	偉大的天神呵,他
673	欄首起排	0.96	512	465		誰	誰不曾在半夜裏驚
673	欄末止排	1.96	512	1196	,	淚	心起坐,｜淚滋滋的
673	欄首起排	0.94	335	465		他	他不曾認識你。阿
675	欄內間距	1.64	1923	481	,	並	ght,並無中夜
675	欄內間距	1.69	1936	2020	,	則	row,則完全是
675	欄首起排	3.16	594	355		誰	誰從不曾把充滿悲
675	欄首起排	3.18	412	355		他	他不認識你們,你
678	欄末止排	0.78	1824	2907	漢	但	是門外漢｜但是,就
678	欄內間距	1.56	668	1360	候	,	入的時候,中國市
680	欄內間距	1.94	735	1733	。	總	的事實。總總理理
681	欄首起排	1.48	324	362		n	n他却代表民意參
682	欄內間距	1.98	1422	1765	。	蔣	的基礎。蔣議長在
683	欄內間距	1.97	1659	1270	,	設	的規定,設縣參議
683	欄內間距	2.06	427	1583	建	工	我們的建工作,是
684	欄末止排	1.01	796	2882	無	乏	源,永無｜乏,是全
687	欄首起排	0.91	876	348		事	事計劃的統籌兼顧
692	欄內間距	1.92	1882	1330	能	力	戰後如能力經營,
693	欄內間距	1.93	1806	810	貳	致	拾貳致中外友
693	欄內間距	1.82	1549	1176	長	K	總參謀長Keit
697	欄內間距	2	741	1570	對	貴	國人民對貴國英勇
697	欄內間距	1.96	566	972	。	國	出一轍。國對貴國
697	欄內間距	1.93	565	1171	對	貴	轍。國對貴國五年
704	欄內間距	1.93	276	384	九	紀	九紀初葉,
705	欄內間距	2.55	396	1547	一	縣	州八十一縣一百一
709	欄末止排	1.1	1285	2898	想	奚	疆前途想｜奚異舍福
710	欄內間距	2.05	1123	1298	府	都	國民政府都南京,
710	欄末止排	2.1	863	2850	疆	就	漠視新疆｜就中國國
710	欄末止排	1.09	776	2890	一	體	民族是一｜體,內容
711	欄內間距	1.96	377	2823	却	多	各節,却多
715	欄末止排	0.85	1308	2909	生	變	,始發生｜變,然並
715	欄內間距	1.97	881	1075	後	統	期,前後統治了近
715	欄內間距	1.99	616	1019	平	君	武帝太平君六年(
715	欄內間距	1.87	520	432	二	)	二)始絕,
720	欄首起排	1.14	1782	342		乃	乃是由於「滿清專
720	欄末止排	0.94	1439	2880	迫	社	交相煎迫｜社會動亂
720	欄內間距	1.59	1170	711	」	(	扶植。」(見第一
720	欄末止排	0.97	738	2877	線	對	聯合陣線｜對新疆的
721	欄內間距	1.55	1715	1078	」	這	獨立。」這些是您
721	欄內間距	2.09	1282	1562	相	,	會禍亂相,生靈塗
722	欄內間距	1.93	1614	1587	國	爲	要求美國爲美國之
722	欄內間距	2.01	820	2500	煩	,	故不嫌煩,盡其所
724	欄首起排	0.83	560	464		)	)1(人種——極
724	欄內間距	2.56	476	691	史	-	2(歷史-像你所
724	欄首起排	0.85	479	464		)	)2(歷史-像你
724	欄首起排	0.85	294	464		)	)(3文化———
725	欄首起排	2.7	1921	352		)	)A(經濟——新
727	欄首起排	2.93	504	386		1	1)(新疆之對來
727	欄首起排	3.08	418	386		)	)2(可有任何一
731	欄內間距	3.18	1857	754	的	消	貴不過的消滅共同
731	欄內間距	1.5	1853	1554	。	德	賴於此。德國的名
731	欄內間距	1.5	1772	945	)	,	ler),在他所
731	欄末止排	0.94	1777	2863	,	寫	一劇中,｜寫瑞士人
732	欄內間距	1.94	1345	2008	,	經	漢以還,經太過,
732	欄末止排	0.97	1253	2885	易	守	迄未變易｜守前代之
732	欄末止排	0.9	1163	2871	,	物	有興作,｜物發明,
732	欄末止排	0.92	1072	2886	是	後	矣。自是｜後,迄於
733	欄末止排	1.09	1884	2894	美	或	徑法歐美｜或轉采日
733	欄內間距	1.53	815	1219	」	序	幾社考」序言民國
735	欄內間距	1.97	1273	1184	義	之	發揚之義之。其後
735	欄內間距	1.97	1274	1471	後	長	之。其後長國立中
737	欄內間距	1.85	1731	2822	在	總	進步,在總
737	欄末止排	0.91	756	2872	,	後	以勝利,｜後患仍將
738	欄內間距	1.59	1800	915	」	。	跟着他」。這樣才
738	欄末止排	1.13	1802	2849	教	總	全部遺教｜總裁歷年
738	欄內間距	2.62	1704	939	示	既	們的訓示既有這些
739	欄末止排	0.97	1704	2846	的	是	感遺憾的｜是戴先生
740	欄內間距	1.97	1442	2826	圖	爲	本地形圖爲
742	欄內間距	2.02	1886	458	專	以	量專以宏造就
743	欄內間距	1.53	1502	2453	業	(	裏,職業(Ber
743	欄內間距	2.61	1160	2283	展	藉	平衡發展藉以推動
743	欄內間距	2.17	718	893	」	教	女的愛」教育的愛
743	欄首起排	1.15	369	360		,	,「有所愛,就有
745	欄末止排	1.08	1549	2866	」	王	生傳略」｜王雲五先
745	欄內間距	2.19	931	724	」	從	(下)」從民八敍
747	欄末止排	1.03	811	2871	者	屈	謬不然者｜屈指可數
748	欄末止排	1.04	893	2848	」	及	「測量」｜及其已成
751	欄內間距	2.5	1066	1438	設	奠	五項建設奠定我國
753	欄末止排	0.72	1853	2875	一	體	織的統一｜體制的完
754	欄內間距	1.59	1291	830	授	(	巴哈敎授(Pro
754	欄內間距	1.52	1306	2755	」	(	之興起」(The
757	欄內間距	1.97	1763	809	肆	追	拾肆追念師友
758	欄末止排	1	1091	2880	勃	湧	義,蓬勃｜湧而莫可
758	欄末止排	1.07	919	2880	爭	及	軍閥私爭｜及政治腐
760	欄末止排	1.17	1792	2841	一	後	全國統一｜後,先生
767	欄末止排	2.03	1074	2823	帶	財	京滬一帶｜財富的淵
768	欄內間距	1.98	1363	1140	先	就	,所以先就送我到
768	欄末止排	0.88	1100	2870	國	兩	特向美國｜兩位軍官
769	欄內間距	1.59	1445	2519	,	-	的主張,-我仍因
774	欄末止排	1.2	1095	2834	」	他	定華北」｜他始終認
774	欄內間距	2.27	391	1191	日	甚	日甚一日甚至多年
775	欄末止排	0.75	1743	2881	」	貫	與爲懷」｜貫精神的
776	欄末止排	1.03	708	2880	處	唯	過人之處｜唯其狂,
780	欄末止排	0.99	797	2905	請	擔	學的聘請｜擔任地質
